{
	"header": [
		{
			"href": "/home",
			"label": "Home"
		},
		{
			"href": "/about",
			"label": "About"
		},
		{
			"href": "/contact",
			"label": "Contact"
		},
		{
			"href": "/blog",
			"label": "Blog"
		},
		{
			"href": "/projects",
			"label": "Projects"
		}
	],
	"home": {
		"banner": {
			"headline": "Welcome to my website"
		}
	},
	"footer": {},
	"trips": {
		"banner": {
			"headline": "headline",
			"subHeadline": "subHeadline"
		},
		"religious-trips": {
			"title": "Religious Trips",
			"departure": "Departure",
			"arrival": "Arrival",
			"price": "Price",
			"details": "Details"
		},
		"cultural-trips": {
			"title": "Cultural Trips",
			"departure": "Departure",
			"arrival": "Arrival",
			"price": "Price",
			"details": "Details"
		},
		"explore": {
			"title": "Explore",
			"departure": "Departure",
			"arrival": "Arrival",
			"price": "Price",
			"details": "Details"
		}
	},
	"tripSlug": {
		"yourTrip": "Your Trip"
	}
}