{
	"header": [
		{
			"href": "/",
			"label": "Home"
		},
		{
			"href": "/tours",
			"label": "Tours"
		},
		{
			"href": "/tours/custom",
			"label": "Custom Tours"
		},
		{
			"href": "/quwa",
			"label": "Quwa"
		},
		{
			"href": "/settings",
			"label": "Settings"
		}
	],
	"footer": {
		"links": [
			{
				"href": "/",
				"label": "Home"
			},
			{
				"href": "/tours",
				"label": "Tours"
			},
			{
				"href": "/contact",
				"label": "Custom Tours"
			},
			{
				"href": "/quwa",
				"label": "Quwa"
			},
			{
				"href": "/settings",
				"label": "Settings"
			}
		]
	},
	"home": {
		"banner": {
			"headline": "Your adventure awaits you"
		}
	},
	"trips": {
		"banner": {
			"headline": "headline",
			"subHeadline": "subHeadline"
		},
		"custom": "Want a custom trip?",
		"religious-trips": {
			"title": "Religious Trips",
			"departure": "Departure",
			"arrival": "Arrival",
			"price": "Price",
			"details": "Details"
		},
		"cultural-trips": {
			"title": "Cultural Trips",
			"departure": "Departure",
			"arrival": "Arrival",
			"price": "Price",
			"details": "Details"
		},
		"explore": {
			"title": "Explore",
			"departure": "Departure",
			"arrival": "Arrival",
			"price": "Price",
			"details": "Details"
		}
	},
	"tripSlug": {
		"yourTrip": "Your Trip",
		"total": "Total",
		"type": "Type",
		"status": "Status",
		"checkout": "Checkout"
	}
}
